speed_category,label,move_count,mean_time,median_time,std_time,zero_pct,mean_rating
Blitz,AI,5906,3.4700304774805284,3.0,4.2711484156175965,23.9078902810701,2387.5052488994243
Blitz,HUMAN,201619,4.645886548390776,3.0,6.473255212235073,9.373124556713405,1666.209434626697
Bullet,AI,5713,1.833362506563977,1.0,2.596976301000218,29.424120427096096,2445.9291090495362
Bullet,HUMAN,148849,1.7939321056910023,1.0,2.4282074208918476,24.16207028599453,1783.7234647192793
Classical,AI,527,7.8121442125237195,1.0,17.72242689293318,43.07400379506641,2572.673624288425
Classical,HUMAN,1344,24.41220238095238,12.0,39.10649149123769,5.059523809523809,1679.8556547619048
Rapid,AI,2747,8.631598107025846,6.0,10.649435652194766,17.51001092100473,2262.479796141245
Rapid,HUMAN,47408,9.246435200809989,5.0,14.679078635262186,5.44001012487344,1555.2395587242659
UltraBullet,HUMAN,2824,0.3523371104815864,0.0,0.5410609273021588,67.70538243626062,1797.3271954674221
