clock_bin,label,moves,mean_move_time,median_move_time,std_move_time,zero_pct
<10s (Extreme),AI,801,1.6392009987515606,1.0,1.5711178697981267,20.973782771535582
<10s (Extreme),HUMAN,26663,1.300528822713123,1.0,2.2706462992819616,34.684769155758914
10-20s (High),AI,954,1.780922431865828,1.0,2.319046731340395,22.536687631027252
10-20s (High),HUMAN,25237,2.074335301343266,1.0,3.2975885833435337,20.141062725363554
20-30s (Moderate),AI,901,2.311875693673696,2.0,2.6355186987000176,20.754716981132077
20-30s (Moderate),HUMAN,23101,2.599844162590364,2.0,4.06011621738312,13.341413791610753
30-60s,AI,2478,2.603309120258273,2.0,3.8953329043477054,16.06133979015335
30-60s,HUMAN,85005,2.345909064172696,1.0,4.03760802916877,16.79901182283395
1-2m,AI,3702,3.2903835764451648,2.0,4.0818707948001265,21.44786601836845
1-2m,HUMAN,62191,4.763583155118908,3.0,7.455528184953635,15.950861057066135
2-5m,AI,4120,4.194174757281553,3.0,5.982710790564623,35.849514563106794
2-5m,HUMAN,134626,4.875454964122829,3.0,7.518374522254564,9.334749602602766
>5m,AI,1937,9.183789364997418,5.0,14.143570418639516,29.013939081053174
>5m,HUMAN,45221,8.33174852391588,4.0,14.500370680070494,11.591959487848566
