,relative_move_time,time_spent_ratio,is_premove,tank_move_indicator,clock_remaining_ratio,player_rating_normalized,opponent_rating_difference,move_number_normalized,move_time_mean_10,move_time_std_10,move_time_cv_10,premove_rate_10,tank_move_count_10,move_time_skewness_10,consecutive_fast_moves,in_time_pressure,time_pressure_jitter,cumulative_mean_move_time,cumulative_move_time_std,cumulative_premove_rate,phase_deliberation_ratio,is_endgame,current_endgame_clock_ratio,game_phase_opening,game_phase_middlegame,game_phase_endgame,speed_is_bullet,speed_is_blitz,speed_is_rapid,speed_is_classical
relative_move_time,1.0,0.8578459411935936,-0.6245891081114657,0.17439418444010024,-0.22504621347560297,-0.05596897473778278,-0.009478617541947195,0.10655940248600408,0.38764148436697593,0.34987967720029156,-0.036120658615014824,-0.3681967959575776,0.10332992418587682,0.13244762837967536,-0.6226812421385978,-0.06466980414210471,-0.08855036864406536,0.27598060464614105,0.26308322029138365,-0.2372238291847291,0.29073963653026286,-0.14830657364476957,-0.14149865989182853,-0.2539553387191806,0.33759917877168977,-0.14830657364476957,0.11953505777651781,-0.029663203670866483,-0.10936779515433905,-0.035397753299950235
time_spent_ratio,0.8578459411935936,1.0,-0.6224624363846879,0.14837159367134617,-0.5655037958725109,-0.02616269473562495,-0.013595215379110417,0.40684439624813024,0.4291759940481272,0.36582592790457963,-0.10009485360032823,-0.4726947873382623,0.13227355935041524,0.17231703411200303,-0.6205610665299401,0.19392094599108609,0.15921434841194126,0.40406369713077966,0.4010213134882577,-0.38615065548906774,0.3912888966361338,0.058589834445432684,0.04671380767442559,-0.41805321714370935,0.3387664081537257,0.058589834445432684,0.09686377774502454,-0.004963993409098321,-0.11725009626523662,-0.03540579139886355
is_premove,-0.6245891081114657,-0.6224624363846879,1.0,-0.0466143747107341,0.15084486680633802,0.12320710228741227,0.00687551418809291,-0.144102056850886,-0.4589049430163195,-0.4112710995092138,0.021948246314219093,0.5138442981895273,-0.09559678413914323,-0.12558115950527113,0.9969454062709535,0.13791969594192294,0.14345574937265165,-0.41111026563056813,-0.36688427064947293,0.4495232863980266,-0.19705704201319535,0.06141538297480164,0.0496442820365185,0.20676092764070667,-0.23233587523955246,0.06141538297480164,0.19673445507160706,-0.14924907618905103,-0.0934223310121165,0.001113379342962804
tank_move_indicator,0.17439418444010024,0.14837159367134617,-0.0466143747107341,1.0,-0.03426713724894942,-0.028558558867828904,-0.00017376120681206382,-0.0017026349506882653,0.17416965709106008,0.17245812798668397,0.06660125755683512,-0.07975621981207721,0.4115401803108649,0.07595962101605294,-0.046471986734059265,-0.03354597658382723,-0.033061026072094976,0.16764467554248902,0.16661712184343935,-0.08612209797746104,0.06734248609373204,-0.036451683166900256,-0.03558960738209212,-0.0277044059789551,0.051359607787477356,-0.036451683166900256,-0.08209278397814161,-0.023657050999815486,0.13728764934071785,0.113198339573659
clock_remaining_ratio,-0.22504621347560297,-0.5655037958725109,0.15084486680633802,-0.03426713724894942,1.0,-0.06383571336643837,0.004165489408002596,-0.8583677606011924,-0.39617858535739225,-0.3233666055653242,0.09067168968409857,0.48320297501977666,-0.14447330908224326,-0.2340352167371663,0.14989446488894623,-0.4745633133826649,-0.43615847834984206,-0.4889154125689223,-0.5147783252065767,0.4901295933639142,-0.49458851924397274,-0.41638251035774093,-0.388752474664736,0.6995171548345048,-0.33867567193945264,-0.41638251035774093,-0.09512335587982708,0.034062781735551585,0.08955937551453652,0.020067713757666878
player_rating_normalized,-0.05596897473778278,-0.02616269473562495,0.12320710228741227,-0.028558558867828904,-0.06383571336643837,1.0,0.0845774902259455,0.11197874848634169,-0.21372958435287018,-0.21124457545358105,0.04715681949826905,0.15048436810840457,-0.06254275477280155,-0.013743626114209226,0.12724664692376877,0.09191796417346203,0.08283647356880168,-0.23004182993867403,-0.177715526143412,0.2165045658057194,0.11097248953824114,0.05358479687122315,0.04575950830247702,-0.062495984805135685,0.01851429280254134,0.05358479687122315,0.15838097494416614,-0.07845361938922776,-0.12487838448487996,0.021780472576203035
opponent_rating_difference,-0.009478617541947195,-0.013595215379110417,0.00687551418809291,-0.00017376120681206382,0.004165489408002596,0.0845774902259455,1.0,0.0007262408427064198,-0.0069220844493032615,-0.005012982672478774,0.007716397754955366,0.0077699645761868386,0.004153202774214586,0.004744984893459332,0.007284092304388389,-0.01274787495616719,-0.012209924977173547,-0.0021912907477269015,0.00356356200122461,0.005435116178700339,-0.011147559459954739,0.0007513464827011192,0.002644988492458629,-0.0003662338640701063,-0.0002049608776718399,0.0007513464827011192,-2.3936124186959685e-05,6.035499397665079e-06,2.0157139589584947e-05,4.7051916192634e-05
move_number_normalized,0.10655940248600408,0.40684439624813024,-0.144102056850886,-0.0017026349506882653,-0.8583677606011924,0.11197874848634169,0.0007262408427064198,1.0,0.3689590542152621,0.2773372286496062,-0.1339443661019298,-0.5145017379986414,0.0696160055322671,0.24516196894625963,-0.1397267222931468,0.3668821996315914,0.33823937125561027,0.46276186515186757,0.484169936714728,-0.5341637868709265,0.5508668424768445,0.5464384468553865,0.5355353673933144,-0.7789219614981905,0.31778004167622553,0.5464384468553865,-0.03262434986956501,0.026470385416626562,0.0056090650040525655,0.006191998682982718
move_time_mean_10,0.38764148436697593,0.4291759940481272,-0.4589049430163195,0.17416965709106008,-0.39617858535739225,-0.21372958435287018,-0.0069220844493032615,0.3689590542152621,1.0,0.9394120515343778,-0.030989600596861445,-0.7839692365644985,0.42211879730657903,0.36099767492776735,-0.46327285689723596,-0.14481471106988905,-0.13621158677681508,0.9270534481220924,0.8866622825458568,-0.7566899970616903,0.40344694696362093,-0.03851162492490948,-0.02448488560321766,-0.46454130489117906,0.45070456523526936,-0.03851162492490948,-0.4765322220558123,0.2715577260113402,0.30891721525968663,0.05644322990669448
move_time_std_10,0.34987967720029156,0.36582592790457963,-0.4112710995092138,0.17245812798668397,-0.3233666055653242,-0.21124457545358105,-0.005012982672478774,0.2773372286496062,0.9394120515343778,1.0,0.2391840634738152,-0.6248247996057282,0.43369095534000063,0.49962130577713826,-0.41575940201493305,-0.15401486914792617,-0.13868055082550454,0.8627449461968739,0.8848322286394088,-0.6275826369160923,0.37133563578414247,-0.06432989081321473,-0.051541474833232084,-0.37443305980881775,0.38713963805359364,-0.06432989081321473,-0.45984042232754624,0.2643790631310952,0.2940922555041927,0.056994982380507944
move_time_cv_10,-0.036120658615014824,-0.10009485360032823,0.021948246314219093,0.06660125755683512,0.09067168968409857,0.04715681949826905,0.007716397754955366,-0.1339443661019298,-0.030989600596861445,0.2391840634738152,1.0,0.33111321386681847,0.18794351329600043,0.510490768202498,0.024415621204776382,0.023624159222627193,0.030896568396244106,-0.03280933840114876,0.11814454275895164,0.24876925182288162,-0.05320544232664281,-0.029461914093952987,-0.036617049037252505,0.1534581497636982,-0.11865208120268593,-0.029461914093952987,0.013815062677781695,-0.03130429935711271,0.005738058989453749,0.017776196684013174
premove_rate_10,-0.3681967959575776,-0.4726947873382623,0.5138442981895273,-0.07975621981207721,0.48320297501977666,0.15048436810840457,0.0077699645761868386,-0.5145017379986414,-0.7839692365644985,-0.6248247996057282,0.33111321386681847,1.0,-0.2164442807796468,-0.308527328018868,0.5178750176722479,0.060456469178126644,0.06590812712994176,-0.7320791519947791,-0.6539797734426495,0.8586070538989831,-0.4453083914760558,-0.06045114792341205,-0.07358052599106843,0.6208253393079853,-0.5221159867860606,-0.06045114792341205,0.31837388468957517,-0.22683432478686552,-0.15340872896054292,-0.00613294793304415
tank_move_count_10,0.10332992418587682,0.13227355935041524,-0.09559678413914323,0.4115401803108649,-0.14447330908224326,-0.06254275477280155,0.004153202774214586,0.0696160055322671,0.42211879730657903,0.43369095534000063,0.18794351329600043,-0.2164442807796468,1.0,0.2322866852770741,-0.09589766797859765,-0.05901501093875248,-0.05655301314018424,0.4015005799915193,0.4147273411891746,-0.2381090642755885,0.14026827180710053,-0.0542009781090842,-0.051578417882553296,-0.11157643693491497,0.1404715001865366,-0.0542009781090842,-0.20057210547523172,-0.0051449822424263925,0.28704779436608513,0.11833846839221124
move_time_skewness_10,0.13244762837967536,0.17231703411200303,-0.12558115950527113,0.07595962101605294,-0.2340352167371663,-0.013743626114209226,0.004744984893459332,0.24516196894625963,0.36099767492776735,0.49962130577713826,0.510490768202498,-0.308527328018868,0.2322866852770741,1.0,-0.1207626899470453,0.009790286003150009,0.001428128064608449,0.3382904338926181,0.4396586510605241,-0.2730208292514349,0.23361116723206038,0.04507692623182188,0.04679540202420738,-0.29761641945327005,0.2387585966910007,0.04507692623182188,-0.11983847452912301,0.08215484817699172,0.047441712775486936,0.011111432490375413
consecutive_fast_moves,-0.6226812421385978,-0.6205610665299401,0.9969454062709535,-0.046471986734059265,0.14989446488894623,0.12724664692376877,0.007284092304388389,-0.1397267222931468,-0.46327285689723596,-0.41575940201493305,0.024415621204776382,0.5178750176722479,-0.09589766797859765,-0.1207626899470453,1.0,0.14380348523035097,0.14582961318495036,-0.4130337666055253,-0.36845232405640227,0.4519234259385639,-0.1987823298365459,0.06598889971923728,0.053706963330074804,0.20575170867697962,-0.2346947340840847,0.06598889971923728,0.19905534915028233,-0.15225334531148532,-0.0944694012577694,0.001974976621842536
in_time_pressure,-0.06466980414210471,0.19392094599108609,0.13791969594192294,-0.03354597658382723,-0.4745633133826649,0.09191796417346203,-0.01274787495616719,0.3668821996315914,-0.14481471106988905,-0.15401486914792617,0.023624159222627193,0.060456469178126644,-0.05901501093875248,0.009790286003150009,0.14380348523035097,1.0,0.9058331013177592,-0.03635950440504211,-0.005418324152566718,0.010626789637470194,0.1071694421246228,0.27770169432610525,0.22861917670998705,-0.19990413650871916,-0.016970041403354195,0.27770169432610525,0.21941822828015675,-0.17124096307410563,-0.11224408506863713,-0.022230915230163482
time_pressure_jitter,-0.08855036864406536,0.15921434841194126,0.14345574937265165,-0.033061026072094976,-0.43615847834984206,0.08283647356880168,-0.012209924977173547,0.33823937125561027,-0.13621158677681508,-0.13868055082550454,0.030896568396244106,0.06590812712994176,-0.05655301314018424,0.001428128064608449,0.14582961318495036,0.9058331013177592,1.0,-0.030873422052723972,-0.0010844248041316444,0.009410285051339016,0.09470176982398189,0.25868671747880567,0.21173698962905294,-0.18224233634370227,-0.019427398480470752,0.25868671747880567,0.20038674594027764,-0.1562582263582618,-0.10152010836126749,-0.020137498888071193
cumulative_mean_move_time,0.27598060464614105,0.40406369713077966,-0.41111026563056813,0.16764467554248902,-0.4889154125689223,-0.23004182993867403,-0.0021912907477269015,0.46276186515186757,0.9270534481220924,0.8627449461968739,-0.03280933840114876,-0.7320791519947791,0.4015005799915193,0.3382904338926181,-0.4130337666055253,-0.03635950440504211,-0.030873422052723972,1.0,0.961598753426477,-0.8118302764000053,0.323295006003642,0.12108358607964727,0.12333406034331378,-0.45478847803310013,0.3274325264626779,0.12108358607964727,-0.5319020227225933,0.30129571487368506,0.343023369423394,0.07294456082724785
cumulative_move_time_std,0.26308322029138365,0.4010213134882577,-0.36688427064947293,0.16661712184343935,-0.5147783252065767,-0.177715526143412,0.00356356200122461,0.484169936714728,0.8866622825458568,0.8848322286394088,0.11814454275895164,-0.6539797734426495,0.4147273411891746,0.4396586510605241,-0.36845232405640227,-0.005418324152566718,-0.0010844248041316444,0.961598753426477,1.0,-0.7100152458677972,0.37991357014220367,0.13963142992257818,0.1390532732592501,-0.47701134047471233,0.33437888817708583,0.13963142992257818,-0.4921569172362165,0.2824082405428557,0.31208503219893313,0.07072890937141978
cumulative_premove_rate,-0.2372238291847291,-0.38615065548906774,0.4495232863980266,-0.08612209797746104,0.4901295933639142,0.2165045658057194,0.005435116178700339,-0.5341637868709265,-0.7566899970616903,-0.6275826369160923,0.24876925182288162,0.8586070538989831,-0.2381090642755885,-0.2730208292514349,0.4519234259385639,0.010626789637470194,0.009410285051339016,-0.8118302764000053,-0.7100152458677972,1.0,-0.29318490846149475,-0.1784003291519628,-0.18420749299961223,0.5014304683452724,-0.32883223612589274,-0.1784003291519628,0.43041861421614136,-0.2902275061329731,-0.22120042381391744,-0.013343743927745146
phase_deliberation_ratio,0.29073963653026286,0.3912888966361338,-0.19705704201319535,0.06734248609373204,-0.49458851924397274,0.11097248953824114,-0.011147559459954739,0.5508668424768445,0.40344694696362093,0.37133563578414247,-0.05320544232664281,-0.4453083914760558,0.14026827180710053,0.23361116723206038,-0.1987823298365459,0.1071694421246228,0.09470176982398189,0.323295006003642,0.37991357014220367,-0.29318490846149475,1.0,0.17608648261411095,0.17305251845840547,-0.6115948226038381,0.43082772830509347,0.17608648261411095,-0.021106742635506034,0.05695199427287362,-0.03345417931648223,0.007872670855967464
is_endgame,-0.14830657364476957,0.058589834445432684,0.06141538297480164,-0.036451683166900256,-0.41638251035774093,0.05358479687122315,0.0007513464827011192,0.5464384468553865,-0.03851162492490948,-0.06432989081321473,-0.029461914093952987,-0.06045114792341205,-0.0542009781090842,0.04507692623182188,0.06598889971923728,0.27770169432610525,0.25868671747880567,0.12108358607964727,0.13963142992257818,-0.1784003291519628,0.17608648261411095,1.0,0.9896757795823812,-0.262918625549744,-0.4772811961142316,1.0,-0.010677480905065055,0.00983935407773111,0.0001676693178323416,-0.003831961826691828
current_endgame_clock_ratio,-0.14149865989182853,0.04671380767442559,0.0496442820365185,-0.03558960738209212,-0.388752474664736,0.04575950830247702,0.002644988492458629,0.5355353673933144,-0.02448488560321766,-0.051541474833232084,-0.036617049037252505,-0.07358052599106843,-0.051578417882553296,0.04679540202420738,0.053706963330074804,0.22861917670998705,0.21173698962905294,0.12333406034331378,0.1390532732592501,-0.18420749299961223,0.17305251845840547,0.9896757795823812,1.0,-0.260204195707671,-0.4723536398443635,0.9896757795823812,-0.02057849898093606,0.014218662967969635,0.009149325460281391,-0.004399404852066553
game_phase_opening,-0.2539553387191806,-0.41805321714370935,0.20676092764070667,-0.0277044059789551,0.6995171548345048,-0.062495984805135685,-0.0003662338640701063,-0.7789219614981905,-0.46454130489117906,-0.37443305980881775,0.1534581497636982,0.6208253393079853,-0.11157643693491497,-0.29761641945327005,0.20575170867697962,-0.19990413650871916,-0.18224233634370227,-0.45478847803310013,-0.47701134047471233,0.5014304683452724,-0.6115948226038381,-0.262918625549744,-0.260204195707671,1.0,-0.7223483144023018,-0.262918625549744,0.0070045870381690535,-0.008868765661381423,0.004365616184560023,0.0004309023745565181
game_phase_middlegame,0.33759917877168977,0.3387664081537257,-0.23233587523955246,0.051359607787477356,-0.33867567193945264,0.01851429280254134,-0.0002049608776718399,0.31778004167622553,0.45070456523526936,0.38713963805359364,-0.11865208120268593,-0.5221159867860606,0.1404715001865366,0.2387585966910007,-0.2346947340840847,-0.016970041403354195,-0.019427398480470752,0.3274325264626779,0.33437888817708583,-0.32883223612589274,0.43082772830509347,-0.4772811961142316,-0.4723536398443635,-0.7223483144023018,1.0,-0.4772811961142316,0.0012733041130600525,0.0010253029241791137,-0.004096354091273972,0.0023540797418108795
game_phase_endgame,-0.14830657364476957,0.058589834445432684,0.06141538297480164,-0.036451683166900256,-0.41638251035774093,0.05358479687122315,0.0007513464827011192,0.5464384468553865,-0.03851162492490948,-0.06432989081321473,-0.029461914093952987,-0.06045114792341205,-0.0542009781090842,0.04507692623182188,0.06598889971923728,0.27770169432610525,0.25868671747880567,0.12108358607964727,0.13963142992257818,-0.1784003291519628,0.17608648261411095,1.0,0.9896757795823812,-0.262918625549744,-0.4772811961142316,1.0,-0.010677480905065055,0.00983935407773111,0.0001676693178323416,-0.003831961826691828
speed_is_bullet,0.11953505777651781,0.09686377774502454,0.19673445507160706,-0.08209278397814161,-0.09512335587982708,0.15838097494416614,-2.3936124186959685e-05,-0.03262434986956501,-0.4765322220558123,-0.45984042232754624,0.013815062677781695,0.31837388468957517,-0.20057210547523172,-0.11983847452912301,0.19905534915028233,0.21941822828015675,0.20038674594027764,-0.5319020227225933,-0.4921569172362165,0.43041861421614136,-0.021106742635506034,-0.010677480905065055,-0.02057849898093606,0.0070045870381690535,0.0012733041130600525,-0.010677480905065055,1.0,-0.7640617970822821,-0.28382708957789937,-0.051530242428881295
speed_is_blitz,-0.029663203670866483,-0.004963993409098321,-0.14924907618905103,-0.023657050999815486,0.034062781735551585,-0.07845361938922776,6.035499397665079e-06,0.026470385416626562,0.2715577260113402,0.2643790631310952,-0.03130429935711271,-0.22683432478686552,-0.0051449822424263925,0.08215484817699172,-0.15225334531148532,-0.17124096307410563,-0.1562582263582618,0.30129571487368506,0.2824082405428557,-0.2902275061329731,0.05695199427287362,0.00983935407773111,0.014218662967969635,-0.008868765661381423,0.0010253029241791137,0.00983935407773111,-0.7640617970822821,1.0,-0.36810497638950906,-0.0668313186765878
speed_is_rapid,-0.10936779515433905,-0.11725009626523662,-0.0934223310121165,0.13728764934071785,0.08955937551453652,-0.12487838448487996,2.0157139589584947e-05,0.0056090650040525655,0.30891721525968663,0.2940922555041927,0.005738058989453749,-0.15340872896054292,0.28704779436608513,0.047441712775486936,-0.0944694012577694,-0.11224408506863713,-0.10152010836126749,0.343023369423394,0.31208503219893313,-0.22120042381391744,-0.03345417931648223,0.0001676693178323416,0.009149325460281391,0.004365616184560023,-0.004096354091273972,0.0001676693178323416,-0.28382708957789937,-0.36810497638950906,1.0,-0.02482592212444604
speed_is_classical,-0.035397753299950235,-0.03540579139886355,0.001113379342962804,0.113198339573659,0.020067713757666878,0.021780472576203035,4.7051916192634e-05,0.006191998682982718,0.05644322990669448,0.056994982380507944,0.017776196684013174,-0.00613294793304415,0.11833846839221124,0.011111432490375413,0.001974976621842536,-0.022230915230163482,-0.020137498888071193,0.07294456082724785,0.07072890937141978,-0.013343743927745146,0.007872670855967464,-0.003831961826691828,-0.004399404852066553,0.0004309023745565181,0.0023540797418108795,-0.003831961826691828,-0.051530242428881295,-0.0668313186765878,-0.02482592212444604,1.0
