feature,overall_mean,overall_median,overall_std,human_mean,human_median,human_std,ai_mean,ai_median,ai_std,abs_cohens_d,cohens_d,rank_biserial_r,p_value
player_rating_normalized,0.5561,0.5675,1.0274,0.494,0.5325,0.9587,2.2335,2.5175,1.349,1.7835,-1.7835,0.6731,0.0
move_number_normalized,0.4231,0.36,0.3135,0.4127,0.36,0.297,0.7032,0.58,0.5378,0.9405,-0.9405,0.3109,0.0
consecutive_fast_moves,0.2651,0.0,0.9148,0.2428,0.0,0.8197,0.8656,0.0,2.2174,0.6862,-0.6862,0.122,0.0
cumulative_premove_rate,0.2537,0.1667,0.2443,0.2493,0.1667,0.2403,0.3721,0.2759,0.3123,0.5045,-0.5045,0.2209,0.0
speed_is_classical,0.0045,0.0,0.0668,0.0033,0.0,0.0577,0.0354,0.0,0.1848,0.4813,-0.4813,0.032,0.0
current_endgame_clock_ratio,0.0475,0.0,0.1653,0.0447,0.0,0.1565,0.123,0.0,0.3124,0.4751,-0.4751,0.1269,0.0
phase_deliberation_ratio,2.181,1.6,1.8306,2.1535,1.6118,1.695,2.9237,1.1964,3.9607,0.422,-0.422,-0.0977,1.0817269577511898e-93
premove_rate_10,0.2089,0.1,0.2686,0.2056,0.1,0.2644,0.2962,0.1,0.3527,0.338,-0.338,0.0812,5.871359949046264e-68
game_phase_endgame,0.148,0.0,0.3551,0.1438,0.0,0.3508,0.2629,0.0,0.4402,0.3363,-0.3363,0.1192,0.0
is_endgame,0.148,0.0,0.3551,0.1438,0.0,0.3508,0.2629,0.0,0.4402,0.3363,-0.3363,0.1192,0.0
is_premove,0.1517,0.0,0.3587,0.1479,0.0,0.355,0.2552,0.0,0.436,0.2997,-0.2997,0.1073,1.5881872995077276e-281
game_phase_opening,0.2847,0.0,0.4512,0.2885,0.0,0.4531,0.1816,0.0,0.3855,0.2371,0.2371,-0.1069,2.594964773647063e-177
speed_is_blitz,0.4977,0.0,0.5,0.5015,1.0,0.5,0.3966,0.0,0.4892,0.21,0.21,-0.1049,1.6304713163224224e-139
speed_is_rapid,0.1203,0.0,0.3253,0.1179,0.0,0.3225,0.1844,0.0,0.3879,0.2047,-0.2047,0.0665,1.149053703759546e-132
move_time_skewness_10,0.9197,0.8641,0.9479,0.9253,0.8716,0.9374,0.7692,0.6502,1.1856,0.1647,0.1647,-0.0935,4.632105762543279e-84
opponent_rating_difference,0.1131,0.0,105.9227,-0.4969,0.0,96.9011,16.5813,0.0,245.6495,0.1613,-0.1613,-0.0071,0.13906220967825472
move_time_cv_10,0.8962,0.8384,0.4427,0.8985,0.8427,0.4267,0.8343,0.6223,0.7539,0.1451,0.1451,-0.2147,0.0
move_time_std_10,3.4637,1.8379,5.8389,3.4928,1.8645,5.873,2.6769,1.2867,4.7624,0.1398,0.1398,-0.205,0.0
cumulative_mean_move_time,3.4258,2.3182,4.7744,3.4046,2.3,4.7782,4.0,2.597,4.6359,0.1248,-0.1248,0.044,6.885556485219316e-20
time_spent_ratio,0.0519,0.0219,0.0896,0.0521,0.0217,0.0902,0.0477,0.0279,0.0698,0.0487,0.0487,-0.0087,0.06915171947723964
cumulative_move_time_std,3.7259,2.1381,5.7793,3.7161,2.1262,5.7879,3.9912,2.4875,5.5366,0.0476,-0.0476,0.0056,0.24727825172850093
clock_remaining_ratio,0.6487,0.7167,0.3337,0.6482,0.7167,0.3312,0.6622,0.6667,0.3966,0.0418,-0.0418,0.0298,5.908509586015779e-10
in_time_pressure,0.0988,0.0,0.2984,0.0992,0.0,0.2989,0.0883,0.0,0.2837,0.0365,0.0365,-0.0109,1.1876384174339963e-05
time_pressure_jitter,0.1098,0.0,0.7124,0.1105,0.0,0.7186,0.0887,0.0,0.5176,0.0307,0.0307,-0.0117,3.387764367050321e-07
relative_move_time,0.8537,0.6667,1.1296,0.8549,0.6667,1.1317,0.8223,0.6667,1.0694,0.0288,0.0288,-0.0241,4.805908828970854e-07
speed_is_bullet,0.3707,0.0,0.483,0.3702,0.0,0.4829,0.3836,0.0,0.4863,0.0277,-0.0277,0.0134,0.000920898070673947
game_phase_middlegame,0.5673,1.0,0.4954,0.5678,1.0,0.4954,0.5555,1.0,0.4969,0.0248,0.0248,-0.0123,0.002964649746698905
tank_move_indicator,0.012,0.0,0.1089,0.0121,0.0,0.1093,0.0097,0.0,0.0982,0.0216,0.0216,-0.0024,0.009680980156938255
tank_move_count_10,0.1029,0.0,0.4598,0.1033,0.0,0.4578,0.0943,0.0,0.5116,0.0195,0.0195,-0.02,2.3212665248194295e-21
move_time_mean_10,3.814,2.4,5.367,3.8135,2.4,5.3827,3.8278,2.5,4.9244,0.0027,-0.0027,-0.0338,2.4010763083270346e-12
