feature_a,feature_b,spearman_r,interpretation,recommendation
is_endgame,game_phase_endgame,1.0,High collinearity between is_endgame and game_phase_endgame,Retain feature with higher Cohen's d separation; evaluate tree feature importance before final pruning
is_premove,consecutive_fast_moves,0.9969,High collinearity between is_premove and consecutive_fast_moves,Retain feature with higher Cohen's d separation; evaluate tree feature importance before final pruning
is_endgame,current_endgame_clock_ratio,0.9897,High collinearity between is_endgame and current_endgame_clock_ratio,Retain feature with higher Cohen's d separation; evaluate tree feature importance before final pruning
current_endgame_clock_ratio,game_phase_endgame,0.9897,High collinearity between current_endgame_clock_ratio and game_phase_endgame,Retain feature with higher Cohen's d separation; evaluate tree feature importance before final pruning
cumulative_mean_move_time,cumulative_move_time_std,0.9616,High collinearity between cumulative_mean_move_time and cumulative_move_time_std,Retain feature with higher Cohen's d separation; evaluate tree feature importance before final pruning
move_time_mean_10,move_time_std_10,0.9394,High collinearity between move_time_mean_10 and move_time_std_10,Retain feature with higher Cohen's d separation; evaluate tree feature importance before final pruning
move_time_mean_10,cumulative_mean_move_time,0.9271,High collinearity between move_time_mean_10 and cumulative_mean_move_time,Retain feature with higher Cohen's d separation; evaluate tree feature importance before final pruning
in_time_pressure,time_pressure_jitter,0.9058,High collinearity between in_time_pressure and time_pressure_jitter,Retain feature with higher Cohen's d separation; evaluate tree feature importance before final pruning
move_time_mean_10,cumulative_move_time_std,0.8867,High collinearity between move_time_mean_10 and cumulative_move_time_std,Retain feature with higher Cohen's d separation; evaluate tree feature importance before final pruning
move_time_std_10,cumulative_move_time_std,0.8848,High collinearity between move_time_std_10 and cumulative_move_time_std,Retain feature with higher Cohen's d separation; evaluate tree feature importance before final pruning
move_time_std_10,cumulative_mean_move_time,0.8627,High collinearity between move_time_std_10 and cumulative_mean_move_time,Retain feature with higher Cohen's d separation; evaluate tree feature importance before final pruning
premove_rate_10,cumulative_premove_rate,0.8586,High collinearity between premove_rate_10 and cumulative_premove_rate,Retain feature with higher Cohen's d separation; evaluate tree feature importance before final pruning
clock_remaining_ratio,move_number_normalized,-0.8584,High collinearity between clock_remaining_ratio and move_number_normalized,Retain feature with higher Cohen's d separation; evaluate tree feature importance before final pruning
relative_move_time,time_spent_ratio,0.8578,High collinearity between relative_move_time and time_spent_ratio,Retain feature with higher Cohen's d separation; evaluate tree feature importance before final pruning
cumulative_mean_move_time,cumulative_premove_rate,-0.8118,High collinearity between cumulative_mean_move_time and cumulative_premove_rate,Retain feature with higher Cohen's d separation; evaluate tree feature importance before final pruning
move_time_mean_10,premove_rate_10,-0.784,High collinearity between move_time_mean_10 and premove_rate_10,Retain feature with higher Cohen's d separation; evaluate tree feature importance before final pruning
move_number_normalized,game_phase_opening,-0.7789,High collinearity between move_number_normalized and game_phase_opening,Retain feature with higher Cohen's d separation; evaluate tree feature importance before final pruning
speed_is_bullet,speed_is_blitz,-0.7641,High collinearity between speed_is_bullet and speed_is_blitz,Retain feature with higher Cohen's d separation; evaluate tree feature importance before final pruning
move_time_mean_10,cumulative_premove_rate,-0.7567,High collinearity between move_time_mean_10 and cumulative_premove_rate,Retain feature with higher Cohen's d separation; evaluate tree feature importance before final pruning
premove_rate_10,cumulative_mean_move_time,-0.7321,High collinearity between premove_rate_10 and cumulative_mean_move_time,Retain feature with higher Cohen's d separation; evaluate tree feature importance before final pruning
game_phase_opening,game_phase_middlegame,-0.7223,High collinearity between game_phase_opening and game_phase_middlegame,Retain feature with higher Cohen's d separation; evaluate tree feature importance before final pruning
cumulative_move_time_std,cumulative_premove_rate,-0.71,High collinearity between cumulative_move_time_std and cumulative_premove_rate,Retain feature with higher Cohen's d separation; evaluate tree feature importance before final pruning
