feature,importance_gain,importance_split,normalized_gain
phase_deliberation_ratio,1379801.5763794035,1087,0.2848915879634068
cumulative_premove_rate,1122081.4056866914,901,0.2316793653252018
move_time_cv_10,1006099.6526392102,527,0.20773228020360096
relative_move_time,372023.56871928275,478,0.07681277298606812
time_spent_ratio,318726.5870507285,477,0.06580839235544626
current_endgame_clock_ratio,260013.34779787064,394,0.05368570149063839
premove_rate_10,121686.88789707422,191,0.02512504067308734
consecutive_fast_moves,115168.32370758057,151,0.023779134033337566
time_pressure_jitter,95402.13817024231,176,0.019697953027233824
tank_move_count_10,52247.8913384974,118,0.010787771941978948
