accuracy,balanced_accuracy,precision,recall,f1,macro_f1,roc_auc,pr_auc,model,feature_set,split_strategy
0.8124,0.67,0.0858,0.5181,0.1472,0.5209,0.7179,0.1125,Logistic Regression,Baseline 1 (Minimal Timing),Unseen Game (Exp A)
0.8769,0.7421,0.1446,0.5983,0.2329,0.583,0.8354,0.3089,Random Forest,Baseline 1 (Minimal Timing),Unseen Game (Exp A)
0.8603,0.7427,0.1312,0.6174,0.2164,0.5698,0.8312,0.2905,LightGBM,Baseline 1 (Minimal Timing),Unseen Game (Exp A)
0.8541,0.7778,0.1376,0.6964,0.2298,0.5746,0.8742,0.3031,Logistic Regression,Baseline 2 (Conventional Context),Unseen Game (Exp A)
0.9676,0.7684,0.4839,0.5559,0.5174,0.7503,0.9551,0.5664,Random Forest,Baseline 2 (Conventional Context),Unseen Game (Exp A)
0.9648,0.7652,0.4481,0.5524,0.4948,0.7383,0.949,0.5048,LightGBM,Baseline 2 (Conventional Context),Unseen Game (Exp A)
0.7485,0.6347,0.0636,0.5134,0.1131,0.4833,0.6874,0.0955,Logistic Regression,EDA Behavioral 10,Unseen Game (Exp A)
0.9112,0.8052,0.2145,0.6921,0.3275,0.64,0.9048,0.4692,Random Forest,EDA Behavioral 10,Unseen Game (Exp A)
0.8906,0.8134,0.1845,0.731,0.2946,0.6176,0.9008,0.478,LightGBM,EDA Behavioral 10,Unseen Game (Exp A)
0.8834,0.8347,0.1822,0.7828,0.2955,0.616,0.917,0.3032,Logistic Regression,Full EDA Features,Unseen Game (Exp A)
0.9836,0.9023,0.7061,0.8155,0.7569,0.8742,0.9842,0.8054,Random Forest,Full EDA Features,Unseen Game (Exp A)
0.9801,0.9023,0.642,0.8194,0.7199,0.8548,0.9777,0.7329,LightGBM,Full EDA Features,Unseen Game (Exp A)
0.8917,0.7842,0.2182,0.6674,0.3289,0.635,0.8639,0.3864,LightGBM,EDA Behavioral 10,Unseen Player (Exp B)
0.5568,0.5567,0.548,0.6521,0.5955,0.5527,0.5176,0.4676,LightGBM,EDA Behavioral 10,Paired Holdout (Exp C)
